Year,Democrat,Republican
1900,Bryan,McKinley
1904,Parker,Roosevelt
1908,Bryan,Taft
1912,Wilson,Taft
1916,Wilson,Hughes
1920,Cox,Harding
1924,Davis,Coolidge
1928,Smith,Hoover
1932,Roosevelt,Hoover
1936,Roosevelt,Landon
1940,Roosevelt,Willkie
1944,Roosevelt,Dewey
1948,Truman,Dewey
1952,Stevenson,Eisenhower
1956,Stevenson,Eisenhower
1960,Kennedy,Nixon
1964,Johnson,Goldwater
1968,Humphrey,Nixon
1972,McGovern,Nixon
1976,Carter,Ford
1980,Carter,Reagan
1984,Mondale,Reagan
1988,Dukakis,Bush
1992,Clinton,Bush
1996,Clinton,Dole
2000,Gore,Bush
2004,Kerry,Bush
2008,Obama,McCain
2012,Obama,Romney
2016,Clinton,Trump
2020,Biden,Trump
